file_name,md5
-5KQ66BBWC4.mkv,ad3f82456cfb784995aeb85e04414573
-FaXLcSFjUI.mp4,4b9a2e1b8d2108032cf9d7cc5a962aea
-IELREHX_js.mp4,f56e49eb0136cc6a8246daa38f7bae2f
053oq2xB3oU.mkv,c38e3e4cdd5aee9e3c9b62f485c2f82d
0f39OWEqJ24.mp4,ad77133a3344e6970397eed6a0de1c51
1j20qq1JyX4.mp4,cc325ebf9104b1879ef2233db8911b7c
20TAGRElvfE.mkv,8fa52a48df93927b580946d568a08af8
26V9UzqSguo.mp4,f900d2415e0174c7425c235db7151887
2DUITARAsWQ.mp4,122ca3800f93d90db9afb3c7333121c0
2PpxiG0WU18.mkv,4dab199d58281fe0f5d98da98c90034d
2XeFK-DTSZk.mkv,334ec07c17b08f2055bcbdf16866a74d
2bxKkUgcqpk.mp4,dd601f6122da414153955604e1b49bb9
2fwni_Kjf2M.mkv,fc64ee28cec615ce33427e5b2dd0d995
2qQs3Y9OJX0.mkv,6586d32deb1ec4a25bfe2d9a55051424
32HR3MnDZ8g.mp4,10837003c490fb88e6d72690c77e799d
4ZpjKfu6Cl8.mkv,f60d34b7127c7d29cc50cca0ac94101f
4gVsDd8PV9U.mp4,8dc540ec106172231867aec4fc96b82b
55Ihr6uVIDA.mkv,1458a9e49fb0768919f084cc5d1dc879
5BDj0ow5hnA.mp4,3c5cef487823e33169a70523aa2bb520
5YPjcdLbs5g.mkv,fd08ff9e455a0eec6dbbab8d8fa916cf
5milLu-6bWI.mp4,8e776f5a63ba2fc156bf41be81349284
6d5u6FHvz7Q.mkv,dc7215e519142f520d10f104524610bd
7YpF6DntOYw.mkv,b98eb74e8533ef671a532f2b7f44f938
7nHkh4sP5Ks.mkv,849f8b3e4d5879d205a24ec7a6ef482f
8VZEwOCQ8bc.mkv,a904055505c577cdef3e356bc8eae7f1
8aMv-ZGD4ic.mkv,b4c905cc907d8ab1543195cd0e9df8b3
8nO5FFbIAog.webm,f932dcfa7e983c8a16966b11e8022aeb
914yZXz-iRs.mkv,ff749a5be75a4bbdbb4b9777a0953247
9F2voT6QWvQ.mkv,004fdb62cb372ee79d69f841048cf2f7
9Y_l9NsnYE0.mp4,15d86f8653a7ea978ca9301d2a59835a
9bK05eBt1GM.mp4,823aa2f360b5c9bce496f1a90ac7dd76
9mLYmkonWZQ.mkv,8cd42f54ae9097b96d096b241e361abf
AN07xQokfiE.mp4,93133bb51bba976141d9b6eaab0a69e1
AYebXQ8eUkM.mkv,afe2bc7d11c6c956c7f32fce545bf91f
Ag-pXiLrd48.mp4,4c732abd51a4547e395492d6f54ac084
B1MAUxpKaV8.mkv,f98762450155d6be4008ef67480a5243
BCiuXAuCKAU.mp4,be9bfa4c51be50b71ba9d4cce53d2ee2
BY3sZmvUp-0.mp4,7fa99d5a4a5e09184d6a57e94400ec10
C25wkwAMB-w.mkv,8ccbb3ea0044e2cdfd958781da601989
CZ2NP8UsPuE.mkv,fdf381f5bcd61d7c664ad83df0b2bce0
CrlfWnsS7ac.mkv,189f1f8d78dd74b0b625cfbc325d1913
Db19rWN5BGo.mkv,bd555dab71327821d18d444dd3e39879
Di1MG6auDYo.mkv,2dd2b36e6d133edb7ee10ed0545616bd
E7JcKooKVsM.mp4,d285d6e7d5b15604ae53c4d9cd1979c2
Ekwy7wzLfjc.mkv,54b4bfb7e649968f5c2f94aa2e6191f6
F3dPH6Xqf5M.mp4,5426ff872e48cb1e07b383288c1a2e2c
G5Yr20A5z_Q.mkv,d196e431f82a0978eb53f4b9ed27928f
Gvp-cj3bmIY.webm,aec23f57d240c18922307b8efb1635a1
HKjR70GCRPE.mp4,72df496f7fc23382728de3b44e9fef8a
HV0H6oc4Kvs.mkv,46ef29082e7110d62728b1ed79b33c28
Hi8QeP_VPu0.mkv,2e643e2737a1efc30052b31f9d0092b9
HymKCzQJbB8.mkv,5a450b75205ddb8d593c3946438551e1
IKdBLciu_-A.mp4,51fc6de1b7622b1a071dca6790d58939
IzvOYVMltkI.mp4,8f17a6f74b350bfd60a2f0e3fb5754de
J1jDc2rTJlg.mkv,ad0db942a5bcd638bada950adaa4e318
J4bt4y9ShTA.mkv,2eaf455dd62d5343781f859b32e1da5b
JNb4nWexD0I.mkv,2945c9487da8be065a973a8080aabd1f
KHHgQ_Pe4cI.mkv,997ac5eb81ea815377ed5eb54ac2d32d
KVq6If6ozMY.mkv,a0e09da9ea1a0b6feed670aaf58aa83d
KWoSGtglCms.mkv,7609bf5aaa256cbaf4be2959f817e74e
K_SpqDJnlps.mkv,cb97864a91d908f63c72f30e080730c6
Kb1fduj-jdY.mp4,9f855d90ac795a956d52687628ece168
Ksd1JQFHYWA.mp4,58e05806af9bf9faf4f2787ee2c10959
LgBQlW6OTr0.mp4,5548b44d583fc87a1f6adaf8cb8c6876
Ma2hgTmveKQ.mkv,58c246794279ca92380a52d2a00c926e
N0Dt9i9IUNg.mkv,d0dbaf9517f192000f8a81a28b1a1498
N1K2bEZLL_A.mkv,fc5f1057dc00b09c2c746d1dd74bdf42
N5UD8FGzDek.mkv,099563bef90f117bce3b47023cd7f43a
NEQ7Wpf-EtI.mkv,05aa75bb22d34626debcc925c231082c
OGNnUvJq9RI.mkv,f8b6eeb48e27287bd7ad98b25fa3ba69
O_NYCUhZ9zw.mp4,beaef63a1801eda893b88abada949209
OfMdakd4bHI.mkv,98e701aa130ed6d61df7a95e1d1938d6
Ov0za6Xb1LM.mkv,4b8c5dd31dd143bb65e1e585351e03d8
P60OxWahxBQ.mkv,b09817834a981a2a671c721ad259fed8
P90hF2S1JzA.mkv,bdd781bfa69ab75e710300c8d5d2a6ad
PNZQ2UJfyQE.mp4,443b7dcd62a9d10297817ac6d1d6e09c
PmElx9ZVByw.mp4,0a4b73815e24798f36ef9f11dc060840
QCLQYnt3aMo.webm,8c0ebc20d5142775fa07c46cd69fb4f3
QMwT7DFA5O4.mkv,137b0e0de94107b3a64b0d8b3acbacb5
Riu4ZKk4YdQ.webm,646c4fc1fafda6770a36f8d0b9992f46
S0tkhGJjwLA.mkv,957d120257171b1d4a82ca4f8ec0a3cc
T-Fc9ctuNVI.mkv,90644dfeb631b275a459567e3ebfa57b
TzaVHtLXOzY.mkv,1c85a189307c59c66f028c81b760b389
U6m3kNFjdTs.mkv,dcf8f9de67a575e96925a2cdc4eef1f7
UOyyTUX5Vo4.mkv,a1ca6ffe0a24444d85629daded7b5d63
U_WzY2k8IBM.mkv,20cbee63d3e0906e21a5a045453d0504
UgZFdrNT6W0.mkv,61cd22d481dd02e04631299dd326dfb4
UrsCy6qIGoo.mkv,ddbdd47efbc0b828b3a6f32669ad404d
Vmef_8MY46w.mkv,65ea879015cbca695b21ee5b4bd77ee1
VsYPP2I0aUQ.mkv,bbaf1bac34c48eb3d112de712156e9be
WVde9pyaHg4.mkv,7920dc48f65dea5323d275d573e6c51d
WlgxRNCHQzw.mkv,060e6b31fd009839f05edce293f33093
WwoTG3_OjUg.mp4,c6efe2f7c7b7602f7357880905daa739
XV_FF3WC7kA.mkv,4b83167a445a0cf885861542988de9d6
ZFQ3lF6yq_E.mkv,a6281d663cf16643145b986da3650b01
_7oWZq_s_Sk.mkv,d8fb740647f5873228a3085a9988e081
_a9SWtcaNj8.mkv,f25648df10fccf9a099391364dc8b648
_mAfwH6i90E.mkv,fe90d9ce47ef01eb313269b1ba0c418b
a5mEmM6w_ks.mkv,07c641a77a106ac3926d998c65d3cc4a
ax3q-RkVIt4.mp4,6d724594e3b72d5c56170e252ecf0434
b5pRYl_djbs.mp4,a1c1b4e3161f56673324643748835d1b
bhlFavrh7WU.mkv,7a53506b59c791daedddb9f5d5896748
c9pEMjPT16M.webm,ddeb2f3d3c852159fbc1d8003e112581
cKA-qeZuH_w.mkv,05de966df5c0239a6597023fe2bc050e
cWYJHb25EVs.mp4,570dec68977e090d631a16fd5ba57748
fD6VkIRlIRI.mkv,3fb4a11f80150363ac6c1f95d4965cdc
fNcxxBjEOgw.mkv,bf993929a985d6aa6329393687789a6e
fpprSy6AzKk.mkv,3728a9880529c7ead5c2a995259bfe98
g1wyIcLPbq0.mp4,af0fd4feb8bf012cab66c165d38b090e
gjdgj04FzR0.mp4,d24e1d28a568c137682c3f4d48dd10fc
hHgg9WI8dTk.mkv,4fc413f32ca933ad60e8e378ef29a01c
iK4Y-JKRRAc.mkv,77996e08edf391f02a372898569432c5
iSlDMboCSao.mkv,c89d90b8785b763a3a2f4bce5c44cc57
j5jmjhGBW44.mkv,4eede9f7fc5dfeb7b4f0199d9ecbdb0d
jgAwJ0RqmYg.mp4,c00b29e3e5fe4d7ebfbf464fe12784c6
jqZpiHlJUig.mkv,132eb8aba89c3ed86962aa11c158ace4
kMy-6RtoOVU.mkv,65fd93378ce2682115b18024507f6099
l-jxh8gpxuY.mkv,d2b344ac9cdee71b2921a42bd79cb07e
l2XO3tQk8lI.mkv,24b7f27818743a169fc97223236fe73d
lDmLcWWBp1E.mkv,6908684d4cf0caf1946da68362db5a73
lWXhqIAvarw.mkv,f070019398b78fe180f2b3590e56fc58
o4xQ-BEa3Ss.mkv,62f2eac8cd0b27ac53f5c7dabe778be6
oD_wxyTHJ2I.mp4,2d6c8d296a0c6ab347918cca56a51dcd
oq_bufAhyl8.mkv,6c9c2bb4f780f6c18b4798dcdcb3c662
phVLLTMzmKk.mkv,4dda2710fdbee5a9837695d399b4a317
phrYEKv0rmw.mkv,3d34c89578a644422c53208f8e537487
plkJ45_-pMk.mp4,08412e1a6d8a0efe03f1661dc08f089b
qrkff49p4E4.mp4,aa7206b6b71797e6a34190d7b36a34f0
qx2vAO5ofmo.mp4,404a1d5cff33aa9548090891790e8edb
rFgb2ECMcrY.mkv,c3440922ca99e074dfc85a7e36ac456a
rJKeqfTlAeY.mkv,2375236a2ecbbee904a7c62bd679d5f9
rUYsoIIE37A.mp4,971de722e9f7094190cbcf11d59de6e0
rXFlJbXyZyc.mkv,b79c2f83eb2800dfda2be91126e9e934
rk8Xm0EAOWs.mkv,34e001e804bbde39a77227fb1b6221f6
sADELCyj10I.mkv,22ac83270de0fca845cb61fc12cfa9ca
sUVhd0YTKgw.mkv,094375efc136c3e080ae63f09ae14237
skiZueh4lfY.mkv,10ff50425667b69383c66ae659bdebd5
t1LXrJOvPDg.mkv,369c80c7dc10f13d8fe1902787e082a5
tNpZtigMc4g.mkv,6b4f0e74fc9729254a4ad8f0e88996f1
tghXjom3120.mkv,5c0ca011ea4ce8f32b3aafc0796624bc
tjqCzVjojCo.mkv,5106ecdc0b0b1343b0971f234827eed6
tt0t_a1EDCE.mkv,38d991bc3e1fdf57c96a2faee958beaa
u1ltv6r14KQ.mkv,83858c1ca0955a15427b002cc29978c4
uNT6HrrnqPU.webm,c5a56eece4f80d799d8050740db19d05
uPJPNPbWMFk.mp4,bc8911199d4209983d3f47558c4a6007
uwW0ejeosmk.mkv,cc6bf1b1133f07457804ffd3454b56e5
uzPI7FcF79U.mkv,6dfa7fbcb7f6abd0ddec3febc71141e1
vfjywN5CN0Y.mkv,b601840178702fdaec680fcc309074dd
x-6CtPWVi6E.mkv,975f0b2beec178c3f93d3da3ffeff1b8
xJmRNZVDDCY.mkv,adf7b71866a6cd814eef92ee45b7da19
xO4ABy2iOQA.mp4,a67054c07f75d30af910951d0fb2a1f8
xmqSaQPzL1E.mkv,45b8778e4e31aa7420f5003878cff4e6
xp67EC-Hvwk.mkv,a9c00e8da6a41589f2b76cfa967085f4
y7ncweROe9U.mkv,733fd8d78e87ef7fcf90b3d50d4841aa
yMtGmGa8KZ0.mkv,bf73e9b3ff4dccd5caed7508704eebbc
yn9WN9lsHRE.mkv,18d6a3a40ac281765397ced9f4d1b0f2
yo-Kg2YxlZs.mkv,a0dd594ec51c1529a99d0ca268d39771
z-fsLpGHq6o.mkv,2a3d6850ac0ccb9dab3006b461070894
zC5Fh2tTS1U.mp4,376b1cb474b80ae10a9c887d04ce17d9
zR725veL-DI.mkv,ddd4f140f4a22cac5ce3157c9be816f6